Session,Paper Count
deep_learning_architectures,198
,593
machine_vision,605
natural_language_processing,313
optimization_for_deep_networks,129
diffusion_based_models,229
neuroscience_and_cognitive_science,112
other,153
interpretability_and_explainability,129
machine_learning_for_other_sciences_and_fields,154
learning_theory,264
generative_models,215
bandits,66
graph_neural_networks,125
safety_in_machine_learning,187
fairness,48
optimization,199
probabilistic_methods,134
causal_inference,86
machine_learning_for_healthcare,79
privacy,87
reinforcement_learning,288
machine_learning_for_physical_sciences,92
online_learning,63
evaluation,51
algorithmic_game_theory,58
speech_and_audio,30
active_learning,25
robotics,46
machine_learning_for_social_sciences,21
infrastructure,28
human-AI_interaction,22
